id,first_name,last_name
c9fb017a-26c1-4be9-9fa4-53bb908513ca,First1,Last1
87377284-7126-4219-a43e-f0a51e5f9fde,First2,Last2
3a470174-1f04-41c2-8132-20751b0ab21c,First3,Last3
89de541c-f13f-4857-ad72-bc253b8ee0ee,First4,Last4
7d16a6a0-c873-4197-8b2e-f88905a0da2c,First5,Last5
c75f1e56-e8f0-475c-979b-a8f878383101,First6,Last6
c324572e-0ee4-4e4f-b30e-1017bc8f8d81,First7,Last7
c1bd1bb9-1a65-4e52-b918-ab5f9dfbc663,First8,Last8
2d9e2169-ce34-4a7f-ac0b-9863d67652f6,First9,Last9
d13fc788-b4b0-42cb-a758-cde96534fa05,First10,Last10
